1, 10, Umer, 12:12:59, 11/06/2024, Present
4, 18, Sonu, 12:13:52, 11/06/2024, Present
3, 11, Manish, 12:14:12, 11/06/2024, Present
5, 2, Abhay, 12:14:30, 11/06/2024, Present
1, 10, Umer, 10:07:00, 19/06/2024, Present
3, 11, Manish, 10:07:15, 19/06/2024, Present
4, 18, Sonu, 10:07:21, 19/06/2024, Present
2, 7, Manmeet, 10:07:25, 19/06/2024, Present
6, 9, Karina, 10:07:30, 19/06/2024, Present
1, 10, Umer, 14:40:48, 26/06/2024, Present
5, 2, Abhay, 14:40:48, 26/06/2024, Present
2, 7, Manmeet, 14:40:53, 26/06/2024, Present
4, 18, Sonu, 14:40:53, 26/06/2024, Present
1, 10, Umer, 10:53:07, 28/06/2024, Present
4, 18, Sonu, 10:53:09, 28/06/2024, Present
5, 2, Abhay, 10:53:11, 28/06/2024, Present
2, 7, Manmeet, 10:53:25, 28/06/2024, Present
1, 10, Umer, 03:55:12, 20/07/2024, Present
5, 2, Abhay, 03:55:15, 20/07/2024, Present
2, 7, Manmeet, 03:55:20, 20/07/2024, Present
4, 18, Sonu, 03:55:26, 20/07/2024, Present
1, 10, Umer, 21:51:09, 05/09/2024, Present
4, 18, Sonu, 21:51:09, 05/09/2024, Present
2, 7, Manmeet, 21:51:09, 05/09/2024, Present
5, 2, Abhay, 21:51:12, 05/09/2024, Present
1, 10, Umer, 21:53:07, 05/09/2024, Present
4, 18, Sonu, 21:53:07, 05/09/2024, Present
2, 7, Manmeet, 21:53:14, 05/09/2024, Present
5, 2, Abhay, 21:53:23, 05/09/2024, Present
